dataset,classifier,accuracy,fit_time_s,predict_time_s,status,error
ECG5000,TSF (ours),0.9413333333333334,0.0,41.66317179996986,ok,
ECG5000,1NN-DTW,0.9244444444444444,0.0,758.2636639999691,ok,
ECG5000,1NN-ED,0.9248888888888889,0.0,0.3041939999675378,ok,
ECG5000,BOSS-ensemble,0.94,0.0,169.8869887999026,ok,
ECG5000,Rocket,0.9473333333333334,0.0,44.452446500072256,ok,
