dataset,classifier,accuracy,fit_time_s,predict_time_s,status,error
ItalyPowerDemand,TSF (ours),0.9620991253644315,2.7471807060001083,2.3349504099999194,ok,
ItalyPowerDemand,1NN-Euclidean,0.9552964042759962,0.0005647059999773774,1.9614148199998453,ok,
ItalyPowerDemand,1NN-DTW,0.9504373177842566,0.000539059999937308,1.5923270400001002,ok,
