{
    "method": "optuna_search",
    "metric": "accuracy",
    "cv": 3,
    "n_trials": 12,
    "best_params": {
        "n_estimators": 200,
        "min_interval_length": 4,
        "n_intervals": 19,
        "max_interval_length": 70,
        "n_jobs": -1,
        "random_state": 42
    },
    "best_score": 0.9550009565913947,
    "best_std": 0.004480500389938751,
    "all_results": [
        {
            "params": {
                "n_estimators": 200,
                "min_interval_length": 20,
                "n_intervals": 19,
                "max_interval_length": 90,
                "n_jobs": -1,
                "random_state": 42
            },
            "mean_score": 0.9530011164633819,
            "std_score": 0.004211919669317635,
            "fold_scores": [
                0.9520095980803839,
                0.9484103179364127,
                0.9585834333733494
            ]
        },
        {
            "params": {
                "n_estimators": 100,
                "min_interval_length": 5,
                "n_intervals": 7,
                "max_interval_length": 130,
                "n_jobs": -1,
                "random_state": 42
            },
            "mean_score": 0.9526008363753419,
            "std_score": 0.004000142907364274,
            "fold_scores": [
                0.9538092381523695,
                0.9472105578884223,
                0.9567827130852341
            ]
        },
        {
            "params": {
                "n_estimators": 350,
                "min_interval_length": 15,
                "n_intervals": 6,
                "max_interval_length": 140,
                "n_jobs": -1,
                "random_state": 42
            },
            "mean_score": 0.9502011962553466,
            "std_score": 0.0044773844979599485,
            "fold_scores": [
                0.9490101979604079,
                0.9454109178164367,
                0.9561824729891957
            ]
        },
        {
            "params": {
                "n_estimators": 450,
                "min_interval_length": 6,
                "n_intervals": 9,
                "max_interval_length": 30,
                "n_jobs": -1,
                "random_state": 42
            },
            "mean_score": 0.9544011965914141,
            "std_score": 0.004888301174318336,
            "fold_scores": [
                0.9544091181763648,
                0.9484103179364127,
                0.9603841536614646
            ]
        },
        {
            "params": {
                "n_estimators": 200,
                "min_interval_length": 12,
                "n_intervals": 14,
                "max_interval_length": 50,
                "n_jobs": -1,
                "random_state": 42
            },
            "mean_score": 0.954601036575398,
            "std_score": 0.005018605818123742,
            "fold_scores": [
                0.9562087582483503,
                0.9478104379124175,
                0.9597839135654261
            ]
        },
        {
            "params": {
                "n_estimators": 350,
                "min_interval_length": 5,
                "n_intervals": 11,
                "max_interval_length": 60,
                "n_jobs": -1,
                "random_state": 42
            },
            "mean_score": 0.9538008364713613,
            "std_score": 0.004345342269903822,
            "fold_scores": [
                0.9556088782243551,
                0.9478104379124175,
                0.957983193277311
            ]
        },
        {
            "params": {
                "n_estimators": 250,
                "min_interval_length": 17,
                "n_intervals": 9,
                "max_interval_length": 80,
                "n_jobs": -1,
                "random_state": 42
            },
            "mean_score": 0.9526009563993564,
            "std_score": 0.0039079676395545335,
            "fold_scores": [
                0.9526094781043791,
                0.9478104379124175,
                0.9573829531812725
            ]
        },
        {
            "params": {
                "n_estimators": 300,
                "min_interval_length": 3,
                "n_intervals": 17,
                "max_interval_length": 30,
                "n_jobs": -1,
                "random_state": 42
            },
            "mean_score": 0.953601236535406,
            "std_score": 0.006384675890542651,
            "fold_scores": [
                0.9562087582483503,
                0.9448110377924415,
                0.9597839135654261
            ]
        },
        {
            "params": {
                "n_estimators": 50,
                "min_interval_length": 20,
                "n_intervals": 24,
                "max_interval_length": 120,
                "n_jobs": -1,
                "random_state": 42
            },
            "mean_score": 0.9530002762952812,
            "std_score": 0.0019730846111091884,
            "fold_scores": [
                0.9544091181763648,
                0.9502099580083984,
                0.9543817527010804
            ]
        },
        {
            "params": {
                "n_estimators": 200,
                "min_interval_length": 4,
                "n_intervals": 19,
                "max_interval_length": 70,
                "n_jobs": -1,
                "random_state": 42
            },
            "mean_score": 0.9550009565913947,
            "std_score": 0.004480500389938751,
            "fold_scores": [
                0.9562087582483503,
                0.9490101979604079,
                0.9597839135654261
            ]
        },
        {
            "params": {
                "n_estimators": 500,
                "min_interval_length": 9,
                "n_intervals": 22,
                "max_interval_length": 10,
                "n_jobs": -1,
                "random_state": 42
            },
            "mean_score": 0.9534009164553644,
            "std_score": 0.004213754538109953,
            "fold_scores": [
                0.9544091181763648,
                0.9478104379124175,
                0.957983193277311
            ]
        },
        {
            "params": {
                "n_estimators": 150,
                "min_interval_length": 11,
                "n_intervals": 14,
                "max_interval_length": 60,
                "n_jobs": -1,
                "random_state": 42
            },
            "mean_score": 0.9540010365273884,
            "std_score": 0.004407659646126964,
            "fold_scores": [
                0.9544091181763648,
                0.9484103179364127,
                0.9591836734693877
            ]
        }
    ],
    "elapsed_seconds": 1415.8482446670532
}