{
    "method": "grid_search",
    "metric": "accuracy",
    "cv": 3,
    "best_params": {
        "n_estimators": 30,
        "min_interval_length": 3,
        "n_jobs": -1,
        "random_state": 42
    },
    "best_score": 0.9850746268656717,
    "best_std": 0.012186516133249633,
    "all_results": [
        {
            "params": {
                "n_estimators": 10,
                "min_interval_length": 3,
                "n_jobs": -1,
                "random_state": 42
            },
            "mean_score": 0.9700738730589477,
            "std_score": 0.01209431149889294,
            "fold_scores": [
                0.9552238805970149,
                0.9701492537313433,
                0.9848484848484849
            ]
        },
        {
            "params": {
                "n_estimators": 10,
                "min_interval_length": 5,
                "n_jobs": -1,
                "random_state": 42
            },
            "mean_score": 0.9800241218151666,
            "std_score": 0.006983196489080918,
            "fold_scores": [
                0.9701492537313433,
                0.9850746268656716,
                0.9848484848484849
            ]
        },
        {
            "params": {
                "n_estimators": 30,
                "min_interval_length": 3,
                "n_jobs": -1,
                "random_state": 42
            },
            "mean_score": 0.9850746268656717,
            "std_score": 0.012186516133249633,
            "fold_scores": [
                0.9701492537313433,
                0.9850746268656716,
                1.0
            ]
        },
        {
            "params": {
                "n_estimators": 30,
                "min_interval_length": 5,
                "n_jobs": -1,
                "random_state": 42
            },
            "mean_score": 0.9850746268656717,
            "std_score": 0.012186516133249633,
            "fold_scores": [
                0.9701492537313433,
                0.9850746268656716,
                1.0
            ]
        }
    ],
    "elapsed_seconds": 5.438537359237671
}