{
    "method": "random_search",
    "metric": "accuracy",
    "cv": 3,
    "n_iter": 16,
    "best_params": {
        "n_estimators": 500,
        "min_interval_length": 3,
        "n_intervals": 21,
        "max_interval_length": 1882,
        "n_jobs": -1,
        "random_state": 42
    },
    "best_score": 0.5630867042157365,
    "best_std": 0.007215608336291936,
    "all_results": [
        {
            "params": {
                "n_estimators": 50,
                "min_interval_length": 3,
                "n_intervals": 86,
                "max_interval_length": null,
                "n_jobs": -1,
                "random_state": 42
            },
            "mean_score": 0.5400096717301018,
            "std_score": 0.004827030271964529,
            "fold_scores": [
                0.5391705069124424,
                0.5345622119815668,
                0.5462962962962963
            ]
        },
        {
            "params": {
                "n_estimators": 50,
                "min_interval_length": 3,
                "n_intervals": 21,
                "max_interval_length": null,
                "n_jobs": -1,
                "random_state": 42
            },
            "mean_score": 0.5354013767992263,
            "std_score": 0.013666306320415164,
            "fold_scores": [
                0.543778801843318,
                0.5161290322580645,
                0.5462962962962963
            ]
        },
        {
            "params": {
                "n_estimators": 500,
                "min_interval_length": 15,
                "n_intervals": 21,
                "max_interval_length": null,
                "n_jobs": -1,
                "random_state": 42
            },
            "mean_score": 0.5600145075951527,
            "std_score": 0.01153025499279487,
            "fold_scores": [
                0.543778801843318,
                0.5668202764976958,
                0.5694444444444444
            ]
        },
        {
            "params": {
                "n_estimators": 500,
                "min_interval_length": 3,
                "n_intervals": 21,
                "max_interval_length": 1882,
                "n_jobs": -1,
                "random_state": 42
            },
            "mean_score": 0.5630867042157365,
            "std_score": 0.007215608336291936,
            "fold_scores": [
                0.5668202764976958,
                0.5529953917050692,
                0.5694444444444444
            ]
        },
        {
            "params": {
                "n_estimators": 500,
                "min_interval_length": 3,
                "n_intervals": 86,
                "max_interval_length": 1882,
                "n_jobs": -1,
                "random_state": 42
            },
            "mean_score": 0.5492404847243557,
            "std_score": 0.010412731894637072,
            "fold_scores": [
                0.5576036866359447,
                0.5345622119815668,
                0.5555555555555556
            ]
        },
        {
            "params": {
                "n_estimators": 500,
                "min_interval_length": 3,
                "n_intervals": 86,
                "max_interval_length": null,
                "n_jobs": -1,
                "random_state": 42
            },
            "mean_score": 0.5492404847243557,
            "std_score": 0.010412731894637072,
            "fold_scores": [
                0.5576036866359447,
                0.5345622119815668,
                0.5555555555555556
            ]
        },
        {
            "params": {
                "n_estimators": 50,
                "min_interval_length": 3,
                "n_intervals": 86,
                "max_interval_length": 1882,
                "n_jobs": -1,
                "random_state": 42
            },
            "mean_score": 0.5400096717301018,
            "std_score": 0.004827030271964529,
            "fold_scores": [
                0.5391705069124424,
                0.5345622119815668,
                0.5462962962962963
            ]
        },
        {
            "params": {
                "n_estimators": 50,
                "min_interval_length": 15,
                "n_intervals": 86,
                "max_interval_length": null,
                "n_jobs": -1,
                "random_state": 42
            },
            "mean_score": 0.5168970814132104,
            "std_score": 0.011948040849542253,
            "fold_scores": [
                0.5253456221198156,
                0.5253456221198156,
                0.5
            ]
        },
        {
            "params": {
                "n_estimators": 50,
                "min_interval_length": 3,
                "n_intervals": 21,
                "max_interval_length": 1882,
                "n_jobs": -1,
                "random_state": 42
            },
            "mean_score": 0.5354013767992263,
            "std_score": 0.013666306320415164,
            "fold_scores": [
                0.543778801843318,
                0.5161290322580645,
                0.5462962962962963
            ]
        },
        {
            "params": {
                "n_estimators": 50,
                "min_interval_length": 15,
                "n_intervals": 21,
                "max_interval_length": null,
                "n_jobs": -1,
                "random_state": 42
            },
            "mean_score": 0.544589520395972,
            "std_score": 0.016393158266478275,
            "fold_scores": [
                0.5391705069124424,
                0.5668202764976958,
                0.5277777777777778
            ]
        },
        {
            "params": {
                "n_estimators": 500,
                "min_interval_length": 15,
                "n_intervals": 86,
                "max_interval_length": null,
                "n_jobs": -1,
                "random_state": 42
            },
            "mean_score": 0.5368948057120101,
            "std_score": 0.013129484473396583,
            "fold_scores": [
                0.5483870967741935,
                0.543778801843318,
                0.5185185185185185
            ]
        },
        {
            "params": {
                "n_estimators": 50,
                "min_interval_length": 15,
                "n_intervals": 86,
                "max_interval_length": 1882,
                "n_jobs": -1,
                "random_state": 42
            },
            "mean_score": 0.5168970814132104,
            "std_score": 0.011948040849542253,
            "fold_scores": [
                0.5253456221198156,
                0.5253456221198156,
                0.5
            ]
        },
        {
            "params": {
                "n_estimators": 50,
                "min_interval_length": 15,
                "n_intervals": 21,
                "max_interval_length": 1882,
                "n_jobs": -1,
                "random_state": 42
            },
            "mean_score": 0.544589520395972,
            "std_score": 0.016393158266478275,
            "fold_scores": [
                0.5391705069124424,
                0.5668202764976958,
                0.5277777777777778
            ]
        },
        {
            "params": {
                "n_estimators": 500,
                "min_interval_length": 15,
                "n_intervals": 21,
                "max_interval_length": 1882,
                "n_jobs": -1,
                "random_state": 42
            },
            "mean_score": 0.5600145075951527,
            "std_score": 0.01153025499279487,
            "fold_scores": [
                0.543778801843318,
                0.5668202764976958,
                0.5694444444444444
            ]
        },
        {
            "params": {
                "n_estimators": 500,
                "min_interval_length": 15,
                "n_intervals": 86,
                "max_interval_length": 1882,
                "n_jobs": -1,