{
    "method": "optuna_search",
    "metric": "accuracy",
    "cv": 3,
    "n_trials": 12,
    "best_params": {
        "n_estimators": 300,
        "min_interval_length": 3,
        "n_intervals": 61,
        "max_interval_length": 40,
        "n_jobs": -1,
        "random_state": 42
    },
    "best_score": 0.5630795926494851,
    "best_std": 0.03764657101663349,
    "all_results": [
        {
            "params": {
                "n_estimators": 200,
                "min_interval_length": 20,
                "n_intervals": 69,
                "max_interval_length": 120,
                "n_jobs": -1,
                "random_state": 42
            },
            "mean_score": 0.5323505148773967,
            "std_score": 0.023681530566233136,
            "fold_scores": [
                0.5345622119815668,
                0.5023041474654378,
                0.5601851851851852
            ]
        },
        {
            "params": {
                "n_estimators": 100,
                "min_interval_length": 5,
                "n_intervals": 24,
                "max_interval_length": 180,
                "n_jobs": -1,
                "random_state": 42
            },
            "mean_score": 0.5554488820617852,
            "std_score": 0.033151581921416824,
            "fold_scores": [
                0.5529953917050692,
                0.5161290322580645,
                0.5972222222222222
            ]
        },
        {
            "params": {
                "n_estimators": 350,
                "min_interval_length": 15,
                "n_intervals": 22,
                "max_interval_length": 200,
                "n_jobs": -1,
                "random_state": 42
            },
            "mean_score": 0.5600500654264094,
            "std_score": 0.02749598965292042,
            "fold_scores": [
                0.5622119815668203,
                0.5253456221198156,
                0.5925925925925926
            ]
        },
        {
            "params": {
                "n_estimators": 450,
                "min_interval_length": 6,
                "n_intervals": 33,
                "max_interval_length": 40,
                "n_jobs": -1,
                "random_state": 42
            },
            "mean_score": 0.5400594526938612,
            "std_score": 0.03544520052326208,
            "fold_scores": [
                0.5483870967741935,
                0.4930875576036866,
                0.5787037037037037
            ]
        },
        {
            "params": {
                "n_estimators": 200,
                "min_interval_length": 12,
                "n_intervals": 49,
                "max_interval_length": 60,
                "n_jobs": -1,
                "random_state": 42
            },
            "mean_score": 0.5308144165671047,
            "std_score": 0.03972512632811658,
            "fold_scores": [
                0.5576036866359447,
                0.47465437788018433,
                0.5601851851851852
            ]
        },
        {
            "params": {
                "n_estimators": 350,
                "min_interval_length": 5,
                "n_intervals": 40,
                "max_interval_length": 80,
                "n_jobs": -1,
                "random_state": 42
            },
            "mean_score": 0.5538985606189907,
            "std_score": 0.04310352747456228,
            "fold_scores": [
                0.5806451612903226,
                0.4930875576036866,
                0.5879629629629629
            ]
        },
        {
            "params": {
                "n_estimators": 250,
                "min_interval_length": 17,
                "n_intervals": 34,
                "max_interval_length": 110,
                "n_jobs": -1,
                "random_state": 42
            },
            "mean_score": 0.5430960914831883,
            "std_score": 0.01584454407274306,
            "fold_scores": [
                0.5529953917050692,
                0.5207373271889401,
                0.5555555555555556
            ]
        },
        {
            "params": {
                "n_estimators": 300,
                "min_interval_length": 3,
                "n_intervals": 61,
                "max_interval_length": 40,
                "n_jobs": -1,
                "random_state": 42
            },
            "mean_score": 0.5630795926494851,
            "std_score": 0.03764657101663349,
            "fold_scores": [
                0.6082949308755761,
                0.5161290322580645,
                0.5648148148148148
            ]
        },
        {
            "params": {
                "n_estimators": 50,
                "min_interval_length": 20,
                "n_intervals": 84,
                "max_interval_length": 170,
                "n_jobs": -1,
                "random_state": 42
            },
            "mean_score": 0.5,
            "std_score": 0.013169299692382666,
            "fold_scores": [
                0.5161290322580645,
                0.4838709677419355,
                0.5
            ]
        },
        {
            "params": {
                "n_estimators": 200,
                "min_interval_length": 4,
                "n_intervals": 66,
                "max_interval_length": 90,
                "n_jobs": -1,
                "random_state": 42
            },
            "mean_score": 0.5385304659498208,
            "std_score": 0.043700504598263,
            "fold_scores": [
                0.5529953917050692,
                0.4792626728110599,
                0.5833333333333334
            ]
        },
        {
            "params": {
                "n_estimators": 500,
                "min_interval_length": 9,
                "n_intervals": 59,
                "max_interval_length": 10,
                "n_jobs": -1,
                "random_state": 42
            },
            "mean_score": 0.5246913580246914,
            "std_score": 0.04059055755510108,
            "fold_scores": [
                0.5253456221198156,
                0.47465437788018433,
                0.5740740740740741
            ]
        },
        {
            "params": {
                "n_estimators": 350,
                "min_interval_length": 14,
                "n_intervals": 49,
                "max_interval_length": 140,
                "n_jobs": -1,
                "random_state": 42
            },
            "mean_score": 0.5507908061671504,
            "std_score": 0.012448564645293076,
            "fold_scores": [
                0.5529953917050692,
                0.5345622119815668,
                0.5648148148148148
            ]
        }
    ],
    "elapsed_seconds": 526.6290273666382
}