{
    "method": "random_search",
    "metric": "accuracy",
    "cv": 3,
    "n_iter": 4,
    "best_params": {
        "n_estimators": 30,
        "min_interval_length": 3,
        "n_jobs": -1,
        "random_state": 42
    },
    "best_score": 0.9653192604236844,
    "best_std": 0.007884732490715363,
    "all_results": [
        {
            "params": {
                "n_estimators": 10,
                "min_interval_length": 3,
                "n_jobs": -1,
                "random_state": 42
            },
            "mean_score": 0.9625795343962871,
            "std_score": 0.011284720319690572,
            "fold_scores": [
                0.9754098360655737,
                0.9643835616438357,
                0.947945205479452
            ]
        },
        {
            "params": {
                "n_estimators": 30,
                "min_interval_length": 3,
                "n_jobs": -1,
                "random_state": 42
            },
            "mean_score": 0.9653192604236844,
            "std_score": 0.007884732490715363,
            "fold_scores": [
                0.9754098360655737,
                0.9643835616438357,
                0.9561643835616438
            ]
        },
        {
            "params": {
                "n_estimators": 30,
                "min_interval_length": 5,
                "n_jobs": -1,
                "random_state": 42
            },
            "mean_score": 0.9616662923871547,
            "std_score": 0.009782306112117552,
            "fold_scores": [
                0.9754098360655737,
                0.9561643835616438,
                0.9534246575342465
            ]
        },
        {
            "params": {
                "n_estimators": 10,
                "min_interval_length": 5,
                "n_jobs": -1,
                "random_state": 42
            },
            "mean_score": 0.9598447987623824,
            "std_score": 0.00789111957482809,
            "fold_scores": [
                0.9699453551912568,
                0.958904109589041,
                0.9506849315068493
            ]
        }
    ],
    "elapsed_seconds": 5.779656171798706
}